<?xml version="1.0" encoding="utf-8"?>
<Catalog>
    <CActorUnit id="DestructibleRockEx16x62" parent="DestructibleUnitStandard" unitName="DestructibleRockEx16x62">
        <DeathArray index="Normal" SoundLink="Destructible_RockDeath2"/>
        <BarWidth value="200"/>
        <GroupIcon>
            <Image value="Assets\Textures\wireframe-general-destructiblerockex16x6.dds"/>
        </GroupIcon>
        <HighlightTooltip value="Unit/Name/DestructibleRock6x6HighlightTooltip"/>
        <LifeArmorIcon value="Assets\Textures\btn-upgrade-terran-buildingarmor.dds"/>
        <MinimapIcon value="Assets\Textures\ui_minimap_icon_destructibledebris.dds"/>
        <UnitFlags index="ShowBlobShadow" value="0"/>
        <Wireframe>
            <Image value="Assets\Textures\wireframe-general-destructiblerockex16x6.dds"/>
        </Wireframe>
    </CActorUnit>
    <CActorDoodad id="RedstoneRockSpires2">
        <EditorCategories value="DoodadType:Environment"/>
        <Model value="BWDesertRockSpires"/>
        <TexSets value="Redstone"/>
        <Footprint value="FootprintDoodad2x2"/>
    </CActorDoodad>
    <CActorUnit id="VespeneGeyser5" parent="GenericUnitStandardNoAutoSoundLinks" unitName="VespeneGeyserFootprintTest">
        <Aliases value="_Geyser"/>
        <On Terms="ActorCreation; Option Shader Ultra" Send="ModelSwap VespeneGeyserHigh"/>
        <On Terms="ActorCreation; Option Shader Extreme" Send="ModelSwap VespeneGeyserHigh"/>
        <On Terms="Behavior.RawVespeneGeyserGas.HostStart" Send="SetMinimapVisibility"/>
        <On Terms="Behavior.RawVespeneGeyserGas.HostClear" Send="SetMinimapVisibility 1"/>
        <On Terms="Behavior.RawVespeneGeyserGas.HostStart" Send="AnimPlay CoverStart Cover,Start 0 0.000000 0.300000 30.200001 AsDuration"/>
        <On Terms="Behavior.RawVespeneGeyserGas.HostFinish" Send="AnimPlay Cover Cover PlayForever 0.000000 0.000000"/>
        <On Terms="Behavior.RawVespeneGeyserGas.HostClear" Send="TimerKill GeyserHostFinish"/>
        <On Terms="Behavior.RawVespeneGeyserGas.HostClear" Send="AnimClear CoverStart"/>
        <On Terms="Behavior.RawVespeneGeyserGas.HostClear" Send="AnimClear Cover"/>
        <On Terms="Behavior.RawVespeneGeyserGas.Deplete" Send="AnimGroupRemove B"/>
        <On Terms="Behavior.RawVespeneGeyserGas.Deplete" Send="AnimGroupApply D"/>
        <On Terms="Behavior.RawVespeneGeyserGas.Restore" Send="AnimGroupRemove D"/>
        <On Terms="Behavior.RawVespeneGeyserGas.Restore" Send="AnimGroupApply B"/>
        <On Terms="ActorCreation" Send="AnimGroupApply D"/>
        <On Terms="ActorCreation" Send="AnimGroupRemove B"/>
        <Model value="VespeneGeyser"/>
        <BuildModel value="VespeneGeyser"/>
        <DeathArray index="Normal" ModelLink="VespeneGeyser"/>
        <PlacementModel value="VespeneGeyser"/>
        <CantSelectUncontrollableTooltip value="Unit/Name/VespeneGeyser5"/>
        <GroupIcon>
            <Image value="Assets\Textures\Wireframe-General-VespeneGeyser.dds"/>
        </GroupIcon>
        <HeroIcon value="Assets\Textures\Wireframe-General-VespeneGeyser.dds"/>
        <HighlightTooltip value="Unit/Name/VespeneGeyser5"/>
        <MinimapRenderPriority value="Resource"/>
        <StatusBarFlags index="Shields" value="0"/>
        <StatusBarFlags index="Life" value="0"/>
        <StatusBarFlags index="Energy" value="0"/>
        <StatusBarFlags index="Cargo" value="0"/>
        <StatusBarFlags index="Progress" value="0"/>
        <StatusBarFlags index="Duration" value="0"/>
        <StatusBarFlags index="Magazine" value="0"/>
        <UnitFlags index="ShowBlobShadow" value="0"/>
        <UnitIcon value="Assets\Textures\Wireframe-General-VespeneGeyser.dds"/>
        <Wireframe>
            <Image value="Assets\Textures\Wireframe-General-VespeneGeyser.dds"/>
        </Wireframe>
    </CActorUnit>
</Catalog>
