<?xml version="1.0" encoding="utf-8"?>
<Catalog>
    <CFootprint id="FootprintGeyserGate">
        <Layers index="Check" Area="-4,-4,5,5">
            <Sets index="0">
                <Negative index="DropOff" value="1"/>
                <Negative index="Creep" value="0"/>
            </Sets>
            <Sets Character="o">
                <Negative index="DropOff" value="1"/>
            </Sets>
            <Rows value="..ooooo.."/>
            <Rows value=".ooooooo."/>
            <Rows value="ooooooooo"/>
            <Rows value="oooxxxooo"/>
            <Rows value="oooxxxooo"/>
            <Rows value="oooxxxooo"/>
            <Rows value="ooooooooo"/>
            <Rows value=".ooooooo."/>
            <Rows value="..ooooo.."/>
        </Layers>
        <Layers index="Place" Area="-4,-4,5,5">
            <Sets index="0">
                <Positive index="NearResources" value="1"/>
            </Sets>
            <Sets Character="o">
                <Positive index="NearResources" value="1"/>
            </Sets>
            <Rows value="..ooooo.."/>
            <Rows value=".ooooooo."/>
            <Rows value="ooooooooo"/>
            <Rows value="oooxxxooo"/>
            <Rows value="oooxxxooo"/>
            <Rows value="oooxxxooo"/>
            <Rows value="ooooooooo"/>
            <Rows value=".ooooooo."/>
            <Rows value="..ooooo.."/>
        </Layers>
        <Shape>
            <Radius value="2.8505"/>
            <Offsets value="-1.5,-2;1.5,-2;-1.5,2;1.5,2;-2,-1.5;-2,1.5;2,-1.5;2,1.5;-2.25,1.75;-1.75,2.25;-2.25,-1.75;1.75,2.25;-1.75,-2.25;2.25,1.75;1.75,-2.25;2.25,-1.75"/>
            <Borders value="0,12,2;1,0,2;2,3,2;3,11,2;4,5,2;5,8,2;6,15,2;7,6,2;8,9,2;9,2,2;10,4,2;11,13,2;12,10,2;13,7,2;14,1,2;15,14,2"/>
        </Shape>
    </CFootprint>
    <CFootprint id="FootprintGeyserGate2">
        <Layers index="Check" Area="-4,-4,5,5">
            <Sets index="0">
                <Negative index="DropOff" value="1"/>
                <Negative index="Creep" value="0"/>
            </Sets>
            <Sets Character="o">
                <Negative index="DropOff" value="1"/>
            </Sets>
            <Rows value="..ooooo.."/>
            <Rows value=".ooooooo."/>
            <Rows value="ooooooooo"/>
            <Rows value="oooxxxooo"/>
            <Rows value="oooxxxooo"/>
            <Rows value="oooxxxooo"/>
            <Rows value="ooooooooo"/>
            <Rows value=".ooooooo."/>
            <Rows value="..ooooo.."/>
        </Layers>
        <Layers index="Place" Area="-4,-4,5,5">
            <Sets index="0">
                <Positive index="NearResources" value="1"/>
            </Sets>
            <Sets Character="o">
                <Positive index="NearResources" value="1"/>
            </Sets>
            <Rows value="..ooooo.."/>
            <Rows value=".ooooooo."/>
            <Rows value="ooooooooo"/>
            <Rows value="oooxxxooo"/>
            <Rows value="oooxxxooo"/>
            <Rows value="oooxxxooo"/>
            <Rows value="ooooooooo"/>
            <Rows value=".ooooooo."/>
            <Rows value="..ooooo.."/>
        </Layers>
        <Shape>
            <Radius value="2.8505"/>
            <Offsets value="-1.5,-2;1.5,-2;-1.5,2;1.5,2;-2,-1.5;-2,1.5;2,-1.5;2,1.5;-2.25,1.75;-1.75,2.25;-2.25,-1.75;1.75,2.25;-1.75,-2.25;2.25,1.75;1.75,-2.25;2.25,-1.75"/>
            <Borders value="0,12,2;1,0,2;2,3,2;3,11,2;4,5,2;5,8,2;6,15,2;7,6,2;8,9,2;9,2,2;10,4,2;11,13,2;12,10,2;13,7,2;14,1,2;15,14,2"/>
        </Shape>
    </CFootprint>
    <CFootprint id="FootprintGeyserRoundedLarge">
        <Layers index="Check" Area="-4,-4,5,5">
            <Sets index="0">
                <Negative index="DropOff" value="1"/>
                <Negative index="Creep" value="0"/>
            </Sets>
            <Sets Character="o">
                <Negative index="DropOff" value="1"/>
            </Sets>
            <Rows value="..ooooo.."/>
            <Rows value=".ooooooo."/>
            <Rows value="ooooooooo"/>
            <Rows value="oooxxxooo"/>
            <Rows value="oooxxxooo"/>
            <Rows value="oooxxxooo"/>
            <Rows value="ooooooooo"/>
            <Rows value=".ooooooo."/>
            <Rows value="..ooooo.."/>
        </Layers>
        <Layers index="Place" Area="-4,-4,5,5">
            <Sets index="0">
                <Positive index="NearResources" value="1"/>
            </Sets>
            <Sets Character="o">
                <Positive index="NearResources" value="1"/>
            </Sets>
            <Rows value="..ooooo.."/>
            <Rows value=".ooooooo."/>
            <Rows value="ooxxxxxoo"/>
            <Rows value="ooxxxxxoo"/>
            <Rows value="ooxxxxxoo"/>
            <Rows value="ooxxxxxoo"/>
            <Rows value="ooxxxxxoo"/>
            <Rows value=".ooooooo."/>
            <Rows value="..ooooo.."/>
        </Layers>
        <Shape>
            <Radius value="3.8891"/>
            <Offsets value="-2.75,-2.75;2.75,-2.75;-2.75,2.75;2.75,2.75"/>
            <Borders value="0,2,0;1,0,0;2,3,0;3,1,0"/>
        </Shape>
    </CFootprint>
    <CFootprint id="FootprintGeyserRoundedGeyserGate">
        <Layers index="Check" Area="-4,-4,5,5">
            <Sets index="0">
                <Negative index="DropOff" value="1"/>
                <Negative index="Creep" value="0"/>
            </Sets>
            <Sets Character="o">
                <Negative index="DropOff" value="1"/>
            </Sets>
            <Rows value="..ooooo.."/>
            <Rows value=".ooooooo."/>
            <Rows value="ooooooooo"/>
            <Rows value="oooxxxooo"/>
            <Rows value="oooxxxooo"/>
            <Rows value="oooxxxooo"/>
            <Rows value="ooooooooo"/>
            <Rows value=".ooooooo."/>
            <Rows value="..ooooo.."/>
        </Layers>
        <Layers index="Place" Area="-4,-4,5,5">
            <Sets index="0">
                <Positive index="NearResources" value="1"/>
            </Sets>
            <Sets Character="o">
                <Positive index="NearResources" value="1"/>
            </Sets>
            <Rows value="..ooooo.."/>
            <Rows value=".ooooooo."/>
            <Rows value="ooooooooo"/>
            <Rows value="oooxxxooo"/>
            <Rows value="oooxxxooo"/>
            <Rows value="oooxxxooo"/>
            <Rows value="ooooooooo"/>
            <Rows value=".ooooooo."/>
            <Rows value="..ooooo.."/>
        </Layers>
        <Shape>
            <Radius value="2.8505"/>
            <Offsets value="-1.5,-2;1.5,-2;-1.5,2;1.5,2;-2,-1.5;-2,1.5;2,-1.5;2,1.5;-2.25,1.75;-1.75,2.25;-2.25,-1.75;1.75,2.25;-1.75,-2.25;2.25,1.75;1.75,-2.25;2.25,-1.75"/>
            <Borders value="0,12,2;1,0,2;2,3,2;3,11,2;4,5,2;5,8,2;6,15,2;7,6,2;8,9,2;9,2,2;10,4,2;11,13,2;12,10,2;13,7,2;14,1,2;15,14,2"/>
        </Shape>
    </CFootprint>
</Catalog>
