<?xml version="1.0" encoding="utf-8"?>
<Catalog>
    <CLight id="BWDesert" parent="default">
        <ToDInfoArray index="0">
            <Id value="BWDesert"/>
            <AmbientColor value="0.545098,0.521569,0.498039"/>
            <AmbientEnvironmentMultiplier value="1.072000"/>
            <Colorize value="1"/>
            <Param index="HDRExposure" value="1.700000"/>
            <Param index="HDRBloomThreshold" value="0.800000"/>
            <Param index="HDRDiffuseMultiplier" value="1.020000"/>
            <Param index="HDRWhitePoint" value="1.850000"/>
            <Param index="HDRGain" value="0.000000"/>
            <Param index="HDRScale" value="0.000000"/>
            <Param index="TerrainSpecularExp" value="11.000000"/>
            <Param index="TerrainHDRDiffuse" value="1.200000"/>
            <Param index="TerrainHDRSpecular" value="2.000000"/>
            <Param index="CreepSpecularExp" value="30.000000"/>
            <Param index="CreepHDRSpecMultiplier" value="3.000000"/>
            <Param index="ColorizationContrast" value="1.135000"/>
            <Param index="ColorizationHue" value="0.010000"/>
            <Param index="ColorizationSaturation" value="0.082000"/>
            <Param index="ColorizationLightness" value="-0.140000"/>
            <Param index="ColorizationBlend" value="0.094000"/>
            <Param index="AOOcclusionRadius" value="1.000000"/>
            <Param index="AONoOcclusion" value="1.582000"/>
            <Param index="AOOcclusionPower" value="2.000000"/>
            <Param index="AODetailOcclusionRadius" value="0.010000"/>
            <Param index="AODetailNoOcclusion" value="0.060000"/>
            <Param index="AODetailOcclusionPower" value="4.000000"/>
            <DirectionalLight index="Key">
                <Color value="0.701961,0.666667,0.576471"/>
                <ColorMultiplier value="1.500000"/>
                <SpecularColor value="0.937255,0.886275,0.831373"/>
                <SpecColorMultiplier value="1.300000"/>
                <Direction value="0.724693,-0.124265,-0.677775"/>
            </DirectionalLight>
            <DirectionalLight index="Fill" Color="0.521569,0.423529,0.392157" ColorMultiplier="1.500000" Direction="-0.463854,-0.769851,0.438371"/>
            <DirectionalLight index="Back" Color="0.207843,0.200000,0.149020" ColorMultiplier="1.000000" Direction="-0.668793,-0.021251,0.743145"/>
        </ToDInfoArray>
        <EditorCategories value="LightGroup:Tilesets"/>
        <AmbientEnvironmentMap value="Assets\Textures\Caev_Environment2.dds"/>
    </CLight>
</Catalog>
