<?xml version="1.0" encoding="utf-8"?>
<Catalog>
    <CWater id="BWTar">
        <State index="0">
            <Name value="[Default]"/>
            <Height value="5.950000"/>
            <Color value="0.239216,0.258824,0.266667,0.300000"/>
            <ColorFallOff value="0.000000"/>
            <Specularity value="0.000000"/>
            <SpecularScaler value="0.000000"/>
            <UvRate value="-0.000000,-0.001000,0.000000,0.000000"/>
            <ReflectionDistortion value="0.000000"/>
            <RefractionDistortion value="0.000000"/>
            <MinReflection value="0.000000"/>
            <ReflectivityPower value="0.000000"/>
        </State>
        <ReceiveShadows value="1"/>
        <IsLava value="1"/>
        <LavaModel value="DefaultLava2"/>
        <Sound value="Doodad_ZerusTarPit_Stand"/>
        <Doodads>
            <Model value="TarBubble2"/>
            <Density value="0.100000"/>
            <MinSize value="1.250000"/>
            <MaxSize value="0.900000"/>
            <Lifetime value="1"/>
        </Doodads>
    </CWater>
</Catalog>
