<?xml version="1.0" encoding="utf-8"?>
<Catalog>
    <CLight id="BWJungle" parent="default">
        <ToDInfoArray index="0">
            <Id value="BWJungle"/>
            <AmbientColor value="0.592157,0.576471,0.509804"/>
            <AmbientEnvironmentMultiplier value="1.072000"/>
            <OperatorHDR value="0"/>
            <Colorize value="1"/>
            <Param index="HDRExposure" value="1.500000"/>
            <Param index="HDRWhitePoint" value="1.750000"/>
            <Param index="HDRGain" value="0.000000"/>
            <Param index="HDRScale" value="0.000000"/>
            <Param index="TerrainSpecularExp" value="15.000000"/>
            <Param index="TerrainHDRDiffuse" value="2.100000"/>
            <Param index="TerrainHDRSpecular" value="3.750000"/>
            <Param index="CreepSpecularExp" value="30.000000"/>
            <Param index="CreepHDRSpecMultiplier" value="3.000000"/>
            <Param index="ColorizationOutputLow" value="0.018000"/>
            <Param index="ColorizationContrast" value="1.117000"/>
            <Param index="ColorizationHue" value="0.022000"/>
            <Param index="ColorizationSaturation" value="-0.120000"/>
            <Param index="ColorizationLightness" value="-0.000000"/>
            <Param index="ColorizationBlend" value="0.198000"/>
            <Param index="AOOcclusionRadius" value="1.000000"/>
            <Param index="AONoOcclusion" value="1.582000"/>
            <Param index="AOOcclusionPower" value="2.000000"/>
            <Param index="AODetailOcclusionRadius" value="0.010000"/>
            <Param index="AODetailNoOcclusion" value="0.060000"/>
            <Param index="AODetailOcclusionPower" value="4.000000"/>
            <DirectionalLight index="Key">
                <Color value="0.909804,0.909804,0.839216"/>
                <ColorMultiplier value="1.150000"/>
                <SpecColorMultiplier value="1.000000"/>
                <Direction value="0.681541,-0.380900,-0.624834"/>
            </DirectionalLight>
            <DirectionalLight index="Fill" Color="0.619608,0.639216,0.678431" ColorMultiplier="1.500000" Direction="-0.463854,-0.769851,0.438371"/>
            <DirectionalLight index="Back" Color="0.082353,0.168627,0.258824" ColorMultiplier="1.400000" Direction="-0.668793,-0.021251,0.743145"/>
        </ToDInfoArray>
        <EditorCategories value="LightGroup:Tilesets"/>
        <AmbientEnvironmentMap value="Assets\Textures\Caev_Environment2.dds"/>
    </CLight>
    <CLight id="BWJungle2" parent="default">
        <ToDInfoArray index="0">
            <Id value="BWJungle"/>
            <AmbientColor value="0.631373,0.717647,0.564706"/>
            <AmbientEnvironmentMultiplier value="1.072000"/>
            <OperatorHDR value="0"/>
            <Colorize value="1"/>
            <Param index="HDRExposure" value="1.500000"/>
            <Param index="HDRWhitePoint" value="1.642000"/>
            <Param index="HDRGain" value="0.000000"/>
            <Param index="HDRScale" value="0.000000"/>
            <Param index="TerrainSpecularExp" value="11.500000"/>
            <Param index="TerrainHDRSpecular" value="3.750000"/>
            <Param index="CreepSpecularExp" value="30.000000"/>
            <Param index="CreepHDRSpecMultiplier" value="3.000000"/>
            <Param index="ColorizationOutputLow" value="0.010000"/>
            <Param index="ColorizationContrast" value="1.076000"/>
            <Param index="ColorizationHue" value="-0.000000"/>
            <Param index="ColorizationLightness" value="-0.000000"/>
            <Param index="ColorizationBlend" value="0.037000"/>
            <Param index="AOOcclusionRadius" value="1.000000"/>
            <Param index="AONoOcclusion" value="1.582000"/>
            <Param index="AOOcclusionPower" value="2.000000"/>
            <Param index="AODetailOcclusionRadius" value="0.010000"/>
            <Param index="AODetailNoOcclusion" value="0.060000"/>
            <Param index="AODetailOcclusionPower" value="4.000000"/>
            <DirectionalLight index="Key">
                <Color value="0.701961,0.666667,0.603922"/>
                <ColorMultiplier value="1.000000"/>
                <SpecularColor value="0.862745,0.878431,0.886275"/>
                <SpecColorMultiplier value="1.500000"/>
                <Direction value="0.693742,-0.113853,-0.711168"/>
            </DirectionalLight>
            <DirectionalLight index="Fill" Color="0.270588,0.333333,0.431373" ColorMultiplier="1.500000" Direction="-0.463854,-0.769851,0.438371"/>
            <DirectionalLight index="Back" Color="0.349020,0.364706,0.066667" ColorMultiplier="2.000000" Direction="-0.668793,-0.021251,0.743145"/>
        </ToDInfoArray>
        <EditorCategories value="LightGroup:Tilesets"/>
        <AmbientEnvironmentMap value="Assets\Textures\Caev_Environment2.dds"/>
    </CLight>
    <CLight id="BelShirEx2">
        <ToDInfoArray index="0" Id="BelShirEx2" AmbientColor="0.501961,0.505882,0.501961" AmbientEnvironmentMultiplier="1.072000">
            <Param index="HDRExposure" value="1.700000"/>
            <Param index="HDRBloomThreshold" value="0.800000"/>
            <Param index="HDRDiffuseMultiplier" value="1.020000"/>
            <Param index="HDRSpecMultiplier" value="0.400000"/>
            <Param index="TerrainSpecularExp" value="5.470000"/>
            <Param index="TerrainHDRDiffuse" value="1.250000"/>
            <Param index="TerrainHDRSpecular" value="1.200000"/>
            <Param index="ColorizationContrast" value="1.094000"/>
            <Param index="ColorizationHue" value="-0.000000"/>
            <Param index="ColorizationLightness" value="-0.000000"/>
            <Param index="ColorizationBlend" value="0.000000"/>
            <Param index="AONoOcclusion" value="1.582000"/>
            <DirectionalLight index="Key" Color="0.619608,0.603922,0.549020" ColorMultiplier="1.000000" SpecColorMultiplier="1.500000"/>
            <DirectionalLight index="Fill" Color="0.529412,0.529412,0.529412" ColorMultiplier="1.000000"/>
            <DirectionalLight index="Back" Color="0.082353,0.082353,0.200000" ColorMultiplier="1.000000"/>
        </ToDInfoArray>
        <AmbientEnvironmentMap value="Assets\Textures\Caev_Environment2.dds"/>
    </CLight>
</Catalog>
