<?xml version="1.0" encoding="utf-8"?>
<Preload>
<Actor id="SYSTEM_ActorConfig"/>
<Actor id="Aiur_ChiseledRock_Brown" Variations="0,3,4"/>
<Actor id="Bonepile" Variations="5"/>
<Actor id="CompoundSewer_Pipes" Variations="15"/>
<Actor id="JarbanMinor_Small_Rock_Group" Variations="3"/>
<Actor id="Korhal_Platform_GrimeSplats" Variations="0,1"/>
<Actor id="OilPuddle" Variations="0,1,2,3"/>
<Actor id="PortCity_Trims" Variations="8,10,14"/>
<Actor id="PurificationDesert_Large_Rock" Variations="0,1,2,4,5,6"/>
<Actor id="PurificationDesert_Medium_Rock_Group" Variations="5,6"/>
<Actor id="PurificationDesert_SandDrift" Variations="0,1,2,3"/>
<Actor id="PurificationDesert_Small_Rock_Group" Variations="1,3"/>
<Actor id="Tarsonis_DeadMarine" Variations="0"/>
<Actor id="XelNaga_Cavern_CaveEntrance" Variations="1"/>
<Actor id="BarracksWrecked"/>
<Actor id="BloodSplats" Variations="3"/>
<Actor id="BunkerWrecked"/>
<Actor id="DustStorms"/>
<Actor id="MarSaraBones" Variations="2"/>
<Actor id="MarSaraCactus" Variations="0,1,2,3,4"/>
<Actor id="MarSaraCliffDoodadLarge" Variations="0"/>
<Actor id="MarSaraTree" Variations="1,3,4"/>
<Actor id="MarSaraTreeDead" Variations="5"/>
<Actor id="MarSaraTunnel"/>
<Actor id="WreckedBattlecruiser"/>
<Actor id="WreckedVehicles" Variations="0"/>
<Actor id="MarSaraFoliage" Variations="0,1,2,3"/>
<Actor id="CivilianCars" Variations="3"/>
<Actor id="RedstoneRockSpires2" Variations="0,1,2,3,4"/>
<Terrain id="BWDesert"/>
<Unit id="Assimilator"/>
<Unit id="Lyote"/>
<Unit id="Scantipede"/>
<Unit id="MineralField750" Variations="0,1,2,3,4,5,6,7,8,9"/>
<Unit id="VespeneGeyser"/>
<Unit id="DestructibleRockEx14x4"/>
<Unit id="VespeneGeyserFootprintTest"/>
</Preload>
