<?xml version="1.0" encoding="utf-8"?>
<Preload>
<Asset path="assets\ui\btn_ui_tip_crate.dds" Type="Image"/>
<Actor id="SYSTEM_ActorConfig"/>
<Actor id="AiurTree_Ex2" Variations="0,1,2"/>
<Actor id="Aiur_Fireflies" Variations="0"/>
<Actor id="Aiur_Overgrowth" Variations="0,3"/>
<Actor id="Aiur_Temple_BrickGroup" Variations="0,1,2,4,5,6,7"/>
<Actor id="Aiur_Tree_Large" Variations="0,1,2"/>
<Actor id="CompoundSewers_Water_Effects" Variations="4"/>
<Actor id="Elsecaro_Bush1x1" Variations="0,1,2,3,4"/>
<Actor id="Elsecaro_Bush2x2" Variations="0,1,3,4"/>
<Actor id="Elsecaro_Bush4x4" Variations="2,4"/>
<Actor id="Elsecaro_Curtain2x2" Variations="1,2,3"/>
<Actor id="Elsecaro_GroundCover" Variations="0,1,2,3,5"/>
<Actor id="Elsecaro_Large_Rock" Variations="0,3,6"/>
<Actor id="Elsecaro_Large_Rock_NoShadow" Variations="1,4,5,6,7"/>
<Actor id="Elsecaro_Medium_Rock" Variations="0,1,2,3,5,7,9"/>
<Actor id="Elsecaro_Medium_Rock_Group" Variations="0,1,2,3,4,5,6,7"/>
<Actor id="Elsecaro_Small_Rock" Variations="2"/>
<Actor id="Elsecaro_Small_Rock_Group" Variations="0,2"/>
<Actor id="Elsecaro_Waves"/>
<Actor id="Fog_Ulnar"/>
<Actor id="JarbanMinor_Vines_Cliff" Variations="2"/>
<Actor id="Korhal_Platform_GrimeSplats" Variations="0,1"/>
<Actor id="LightningBolt"/>
<Actor id="PurificationDesert_Large_Rock" Variations="2"/>
<Actor id="PurificationDesert_Medium_Rock_Group" Variations="0,1,3,4,5,6,7"/>
<Actor id="PurificationDesert_SandDrift" Variations="0,1"/>
<Actor id="Shakuras_Vines_Cliffs_Windy" Variations="0,2,3,4"/>
<Actor id="Slayn_TerrazineGeyser" Variations="6"/>
<Actor id="SnowRefinery_Mountain"/>
<Actor id="TIMAppendix" Variations="0,1,2,3,6,7,8"/>
<Actor id="Void_CliffRocks_Edge" Variations="1,2,3"/>
<Actor id="ZerusLargeVines" Variations="1"/>
<Actor id="BelShirCanopyTreeIsland" Variations="0"/>
<Actor id="BelShirCanopyTrees" Variations="0,1,2,4"/>
<Actor id="BelShirTree" Variations="0,1,2,3,7"/>
<Actor id="BirdsTarsonis"/>
<Actor id="HavenTree" Variations="7"/>
<Actor id="MarSaraCrack" Variations="1"/>
<Actor id="PlantsAlien" Variations="21,22,25"/>
<Actor id="ThunderLightning"/>
<Actor id="RainSprinkle"/>
<Actor id="Sunrays"/>
<Actor id="Vines" Variations="2"/>
<Actor id="Waterfall"/>
<Actor id="BelShirUnderbrush" Variations="0"/>
<Actor id="BelShirFlowers" Variations="0,1,2,4,6,7,8,9"/>
<Actor id="BelShirShrub" Variations="2,3,4,5,6,7,8"/>
<Actor id="BWJungleGrassThick"/>
<Actor id="BWJungleGrassThickSmall"/>
<Actor id="BWJungleCliffs" Variations="0,1,2"/>
<Terrain id="BWJungle2"/>
<Unit id="RichVespeneGeyser"/>
<Unit id="MineralField750" Variations="0,1,2,3,4,5,6,7,8,9"/>
<Unit id="VespeneGeyser"/>
<Unit id="UnbuildableRocksDestructible" Variations="1"/>
<Unit id="DestructibleRockEx16x6"/>
</Preload>
